"","Treatment","Session","Group","Role","Round1","Round2","Round3","Round4","Round5","Round6","Round7","Round8","Round9","Round10","Quiz","Gender","Major1","Major2","GPA","GameTheory"
"3","Baseline","1","1","1","7","5","5","5","5","5","5","5","5","5",5,"Female","humanities","","3.79","No"
"6","Baseline","1","1","2","7","5","7","5","5","5","5","7","5","5",5,"Male","Elecreical Engineering","Elecreical Engineering","3.4","No"
"7","Baseline","1","1","3","7","6","7","7","5","6","5","5","6","5",5,"Male","Political Science","Political Science","3.5","Yes"
"13","Baseline","1","1","4","7","7","7","7","5","5","5","7","5","5",5,"Male","computer science","",NA,"No"
"18","Baseline","1","1","5","6","7","6","6","5","5","5","5","6","5",5,"Male","Computer Engineering","Computer Engineering",NA,"Yes"
"20","Baseline","1","1","6","5","7","7","7","7","7","7","7","7","7",5,"Male","humanities","","3.3","No"
"5","Baseline","1","2","1","5","6","6","5","6","7","6","5","6","6",5,"Male","Management of technology","Management of technology","3.67","No"
"10","Baseline","1","2","2","7","7","7","7","4","4","7","7","4","4",5,"Male","electrical and computer engineering","electrical and computer engineering","1","No"
"14","Baseline","1","2","3","7","7","7","7","7","7","7","7","7","7",5,"Male","humanities","",NA,"No"
"15","Baseline","1","2","4","7","5","6","7","6","6","5","5","4","6",5,"Male","Financial Engineering","Financial Engineering",NA,"No"
"17","Baseline","1","2","5","4","5","6","6","7","5","4","6","5","3",5,"Male","Computer Engineering","Computer Engineering","1","No"
"19","Baseline","1","2","6","7","7","6","7","7","6","5","4","4","6",5,"Female","urban design","urban design",NA,"No"
"4","Baseline","1","3","1","7","6","6","7","1","7","5","3","4","3",5,"Male","computer science","",NA,"Yes"
"8","Baseline","1","3","2","7","5","4","3","1","2","2","1","2","1",5,"Male","Computer Engineering","Computer Engineering","3.17","No"
"9","Baseline","1","3","3","6","5","6","1","7","6","3","1","3","1",5,"Male","management of technology","management of technology","1","Yes"
"11","Baseline","1","3","4","1","2","3","2","2","2","1","1","1","1",5,"Male","Management of Technology","Management of Technology","1","No"
"12","Baseline","1","3","5","7","5","2","7","4","3","3","2","2","2",5,"Male","computer science","","3.5","No"
"16","Baseline","1","3","6","7","7","7","7","7","2","6","4","4","7",5,"Female","economics","","3.9","Yes"
"41","Baseline","2","4","1","7","7","7","7","5","5","6","5","5","5",5,"Female","humanities","",NA,"No"
"61","Baseline","2","4","2","7","7","7","7","7","7","7","7","7","7",3,"Male","economics","","3","No"
"111","Baseline","2","4","3","5","5","5","5","5","5","5","5","5","5",5,"Male","mechanical engg","mechanical engg",NA,"No"
"131","Baseline","2","4","4","7","7","7","7","6","5","5","5","5","5",5,"Male","computer science","","3.6","No"
"181","Baseline","2","4","5","7","7","6","5","5","6","5","5","5","5",5,"Female","economics","","3.56","No"
"201","Baseline","2","4","6","7","7","6","6","5","6","5","5","5","5",5,"Female","Film & TV Production","Film & TV Production","3.84","No"
"31","Baseline","2","5","1","6","7","5","4","3","4","3","4","3","3",5,"Female","human resources","human resources","3.75","No"
"71","Baseline","2","5","2","7","7","7","7","6","4","4","3","3","3",5,"Male","economics","","3","Yes"
"81","Baseline","2","5","3","4","4","4","4","3","3","3","4","3","3",5,"Male","engineering","engineering","3.43","No"
"101","Baseline","2","5","4","5","3","3","3","3","3","3","4","3","3",5,"Female","Journalism/Religious Studies","Journalism/Religious Studies","3.57","No"
"121","Baseline","2","5","5","7","7","7","5","6","3","4","3","4","3",5,"Female","economics","","3.7","Yes"
"191","Baseline","2","5","6","7","7","7","3","5","3","3","7","3","3",5,"Female","Nutrition","Nutrition","3.3","No"
"51","Baseline","2","6","1","7","7","5","5","5","4","4","3","3","4",5,"Female","Communicative Sciences and Disorders","Communicative Sciences and Disorders","4","Yes"
"91","Baseline","2","6","2","5","6","3","7","6","5","6","3","4","6",5,"Male","Construction Management","Construction Management",NA,"No"
"141","Baseline","2","6","3","7","6","4","4","4","7","3","3","3","3",5,"Male","Applied Psychology","Applied Psychology","3.5","No"
"151","Baseline","2","6","4","7","7","7","4","4","4","7","3","4","7",5,"Female","politics","politics",NA,"Yes"
"161","Baseline","2","6","5","7","4","3","3","3","3","3","3","3","3",5,"Male","industrial engineering","industrial engineering","3.33","No"
"171","Baseline","2","6","6","1","2","7","4","4","3","3","3","3","3",5,"Female","economics","","3.5","No"
"42","Baseline","3","7","1","5","5","5","4","5","5","6","5","5","5",5,"Male","humanities","","3","Yes"
"72","Baseline","3","7","2","4","5","6","7","7","6","7","5","5","6",5,"Male","Computer Wngineering","Computer Wngineering","3.17","No"
"82","Baseline","3","7","3","7","7","7","7","5","6","6","6","1","6",5,"Male","computer science","","3.6","No"
"102","Baseline","3","7","4","4","6","3","7","6","7","5","7","5","7",5,"Male","Drama","Drama",NA,"No"
"132","Baseline","3","7","5","5","4","5","5","5","6","6","6","6","5",5,"Male","mechanical engg","mechanical engg","1","Yes"
"142","Baseline","3","7","6","7","6","5","4","5","7","6","6","6","5",5,"Female","financial engineering","financial engineering","3.9","Yes"
"32","Baseline","3","8","1","5","4","5","4","4","4","4","4","4","4",5,"Male","","","3.6","No"
"52","Baseline","3","8","2","4","5","4","4","6","5","4","6","7","6",5,"Female","economics","","3.42","No"
"62","Baseline","3","8","3","6","5","5","1","3","4","5","3","4","1",5,"Male","computer science","","4","No"
"92","Baseline","3","8","4","7","7","4","4","7","7","7","7","6","7",5,"Female","computer science","","3","No"
"112","Baseline","3","8","5","6","5","5","4","5","4","4","4","4","4",5,"Female","computer science","","3.33","Yes"
"122","Baseline","3","8","6","7","7","6","5","6","6","6","4","6","7",5,"Male","Construction Management","Construction Management","3.57","No"
"X.1","Revision Mechanism","1","1","1","6","2","6","7","7","7","7","7","7","7",5,"Male","computer science","",NA,"No"
"X.2","Revision Mechanism","1","1","2","7","1","6","7","7","5","7","7","7","7",5,"Male","Electrical Engineering","Electrical Engineering",NA,"No"
"X.3","Revision Mechanism","1","1","3","7","7","7","7","7","7","7","7","7","7",4,"Female","business administration","business administration",NA,"Yes"
"X.4","Revision Mechanism","1","1","4","7","7","7","7","7","7","7","7","7","7",5,"Male","Industrial Engineering","Industrial Engineering","3.3","No"
"X.5","Revision Mechanism","1","1","5","5","4","6","7","7","5","7","7","7","7",5,"Female","Integarted Marketing (Digital Marketing)","Integarted Marketing (Digital Marketing)","3.78","No"
"X.8","Revision Mechanism","1","1","6","7","2","6","7","7","7","7","7","7","7",5,"Male","economics","",NA,"Yes"
"X","Revision Mechanism","1","2","1","3","1","2","5","7","2","2","7","1","1",5,"Female","nursing","nursing","3.4","No"
"X.6","Revision Mechanism","1","2","2","5","1","2","6","4","2","4","7","2","1",5,"Female","Communications","Communications","3.8","No"
"X.7","Revision Mechanism","1","2","3","3","1","2","6","5","2","2","2","1","1",5,"Male","Electrical Engineering","Electrical Engineering","3.14","No"
"X.9","Revision Mechanism","1","2","4","7","7","6","6","5","2","2","2","2","2",5,"Male","industrial engineering","industrial engineering",NA,"No"
"X.10","Revision Mechanism","1","2","5","7","7","2","7","7","2","2","2","1","1",5,"Male","Mechanical engineering","Mechanical engineering","3.3","No"
"X.11","Revision Mechanism","1","2","6","3","1","6","6","6","2","2","2","1","1",5,"Female","humanities","","3.5","No"
"X.12","Revision Mechanism","2","3","1","7","7","7","7","7","7","7","7","7","7",5,"Female","politics","politics","2.8","Yes"
"X.1.1","Revision Mechanism","2","3","2","7","7","7","7","7","7","7","7","7","7",5,"Male","neural science","neural science",NA,"No"
"X.2.1","Revision Mechanism","2","3","3","7","7","7","7","7","7","7","7","7","7",5,"Female","economics","",NA,"No"
"X.4.1","Revision Mechanism","2","3","4","7","7","7","7","7","7","7","7","7","7",5,"Male","Politics and Spanish","Politics and Spanish","3.36","Yes"
"X.5.1","Revision Mechanism","2","3","5","7","7","7","7","7","7","7","7","7","7",5,"Female","Global Public Health/Sociology","Global Public Health/Sociology","1","No"
"X.8.1","Revision Mechanism","2","3","6","7","6","7","7","7","7","7","7","7","7",5,"Female","humanities","",NA,"Yes"
"X.3.1","Revision Mechanism","2","4","1","3","2","1","6","6","3","6","3","6","6",5,"Male","computer science","",NA,"No"
"X.6.1","Revision Mechanism","2","4","2","7","2","7","7","7","7","7","7","7","7",4,"Female","Acting","Acting","2.8","No"
"X.7.1","Revision Mechanism","2","4","3","7","2","1","6","6","3","6","3","6","6",5,"Female","humanities","","3.7","Yes"
"X.9.1","Revision Mechanism","2","4","4","2","1","1","6","6","3","5","3","6","6",5,"Female","math","","3.2","No"
"X.10.1","Revision Mechanism","2","4","5","7","1","1","7","7","3","6","7","6","6",5,"Female","computer science","","3","No"
"X.11.1","Revision Mechanism","2","4","6","2","2","1","6","7","3","6","3","6","6",5,"Female","economics","Computer Science","3.7","No"
"X.13","Revision Mechanism","3","5","1","7","6","7","7","7","7","7","7","7","7",5,"Female","Hospitality & Tourism management","Hospitality & Tourism management","3.7","No"
"X.1.2","Revision Mechanism","3","5","2","7","7","7","7","7","7","7","7","7","7",5,"Female","Business and Political Economy","Business and Political Economy","3.77","No"
"X.2.2","Revision Mechanism","3","5","3","7","7","7","7","7","7","7","7","7","7",4,"Male","economics","","3.6","Yes"
"X.4.2","Revision Mechanism","3","5","4","7","7","7","7","7","7","7","7","7","7",4,"Male","Math/Economics","Math/Economics","3.5","No"
"X.10.2","Revision Mechanism","3","5","5","7","7","7","7","7","7","7","7","7","7",5,"Female","biology","biology","3.76","No"
"X.11.2","Revision Mechanism","3","5","6","7","7","7","7","7","7","7","7","7","7",5,"Female","Global Public Health and Chemistry","Global Public Health and Chemistry","3","No"
"X.3.2","Revision Mechanism","3","6","1","5","7","7","7","7","7","7","7","7","7",5,"Male","economics","","3.78","No"
"X.5.2","Revision Mechanism","3","6","2","5","7","7","7","7","7","7","7","7","7",4,"Male","computer science","","3.93","No"
"X.6.2","Revision Mechanism","3","6","3","7","7","7","7","7","7","7","7","7","7",5,"Male","Math and Economics","Math and Economics",NA,"No"
"X.7.2","Revision Mechanism","3","6","4","6","7","7","7","7","7","7","7","7","7",5,"Female","humanities","","3.5","No"
"X.8.2","Revision Mechanism","3","6","5","7","7","7","1","7","7","7","7","7","6",5,"Male","PSYCHOLOGY","PSYCHOLOGY","3.44","No"
"X.9.2","Revision Mechanism","3","6","6","7","7","7","7","7","7","7","7","7","7",5,"Male","physics/chemistry","math and physics","3.76","No"
"X.1.3","Revision Mechanism","4","7","1","7","7","7","7","7","7","7","7","7","7",5,"Female","math","","3.74","No"
"X.4.3","Revision Mechanism","4","7","2","7","1","7","7","7","7","7","7","7","7",5,"Male","Finance","Finance","3.8","No"
"X.5.3","Revision Mechanism","4","7","3","7","7","7","7","7","7","7","7","7","7",5,"Female","electrical engineerimg","electrical engineerimg","3.23","No"
"X.7.3","Revision Mechanism","4","7","4","7","7","7","7","7","7","7","7","7","7",5,"Male","computer science","","3.9","No"
"X.8.3","Revision Mechanism","4","7","5","7","7","7","7","7","7","7","7","7","7",5,"Female","economics","","3.8","Yes"
"X.11.3","Revision Mechanism","4","7","6","7","7","7","7","7","7","7","7","7","7",0,"Male","computer science","","3.23","No"
"X.14","Revision Mechanism","4","8","1","5","6","7","7","7","7","7","7","7","7",5,"Male","Mechatronics and Robotics","Mechatronics and Robotics","3.76","No"
"X.2.3","Revision Mechanism","4","8","2","7","6","7","7","7","7","7","7","7","7",5,"Male","computer science","","3.8","No"
"X.3.3","Revision Mechanism","4","8","3","7","6","7","7","7","7","7","7","7","7",4,"Male","mechatronics and robotics","mechatronics and robotics","3.43","No"
"X.6.3","Revision Mechanism","4","8","4","7","6","7","7","7","7","7","7","7","7",5,"Female","economics","","3.93","No"
"X.9.3","Revision Mechanism","4","8","5","7","6","7","7","7","7","7","7","7","7",5,"Male","computer science","","3.9","Yes"
"X.10.3","Revision Mechanism","4","8","6","7","6","7","7","7","7","7","7","7","7",5,"Male","computer science","","3.8","No"
"X1","Revision Cheap Talk","1","1","1","7","5","5","5","5","4","6","7","7","4",5,"Female","economics","","3.67","Yes"
"X.15","Revision Cheap Talk","1","1","2","7","7","7","5","5","4","6","4","1","5",4,"Female","computer science","","3","No"
"X.31","Revision Cheap Talk","1","1","3","6","1","5","5","5","4","6","7","7","4",5,"Male","Media, Culture, Communications","Media, Culture, Communications","3","No"
"X.41","Revision Cheap Talk","1","1","4","7","5","5","5","2","2","4","4","3","6",4,"Male","Electrical Engineering","Electrical Engineering","3.78","No"
"X.81","Revision Cheap Talk","1","1","5","6","5","5","5","4","5","6","6","6","4",5,"Female","Undecided","Undecided",NA,"Yes"
"X.111","Revision Cheap Talk","1","1","6","5","5","5","4","7","4","6","6","5","4",5,"Female","Psychology","Psychology","3","Yes"
"X.21","Revision Cheap Talk","1","2","1","7","7","7","7","7","7","7","6","6","7",5,"Female","economics","","3.6","No"
"X.51","Revision Cheap Talk","1","2","2","7","7","7","5","6","7","7","6","6","6",5,"Female","nutrition","nutrition","3.6","No"
"X.61","Revision Cheap Talk","1","2","3","7","7","7","7","7","7","7","6","7","7",5,"Male","finance","finance","3.56","No"
"X.71","Revision Cheap Talk","1","2","4","7","5","5","7","6","6","7","6","6","7",5,"Female","finance","finance","3.83","No"
"X.91","Revision Cheap Talk","1","2","5","7","7","7","5","7","7","6","6","6","7",5,"Female","humanities","","3.83","No"
"X.101","Revision Cheap Talk","1","2","6","5","7","7","7","7","7","7","7","7","7",5,"Female","Film and Television","Film and Television","3.66","No"
"X.121","Revision Cheap Talk","2","3","1","7","7","7","7","7","7","7","7","7","7",5,"Female","Clinical Nutrition","Clinical Nutrition","3.56","No"
"X.6.11","Revision Cheap Talk","2","3","2","7","7","7","7","7","7","7","7","7","7",5,"Male","humanities","",NA,"No"
"X.7.11","Revision Cheap Talk","2","3","3","7","7","7","7","7","7","7","7","7","5",5,"Male","economics","","3.94","Yes"
"X.8.11","Revision Cheap Talk","2","3","4","7","7","7","7","7","7","7","7","7","7",5,"Male","humanities","","3.3","No"
"X.10.11","Revision Cheap Talk","2","3","5","7","7","7","7","7","7","1","7","7","5",5,"Female","Undecided- Liberal Studies Program","Undecided- Liberal Studies Program",NA,"No"
"X.11.11","Revision Cheap Talk","2","3","6","7","7","7","7","7","7","7","7","7","7",5,"Female","humanities","","3.5","No"
"X.1.11","Revision Cheap Talk","2","4","1","5","4","4","4","3","4","1","4","6","3",0,"Female","Social Work","Social Work","3.5","Yes"
"X.2.11","Revision Cheap Talk","2","4","2","7","7","7","7","6","4","3","4","5","5",5,"Female","Politics","Politics",NA,"No"
"X.3.11","Revision Cheap Talk","2","4","3","4","3","2","3","4","3","3","4","3","2",5,"Female","psychology","psychology","2.9","No"
"X.4.11","Revision Cheap Talk","2","4","4","7","3","1","3","4","3","7","7","7","2",5,"Male","Electrical engineerng","Electrical engineerng","3","No"
"X.5.11","Revision Cheap Talk","2","4","5","3","4","3","5","3","3","3","4","3","2",5,"Male","Neural Science","Neural Science","3.73","No"
"X.9.11","Revision Cheap Talk","2","4","6","7","3","1","3","4","3","3","4","3","2",5,"Male","Neural Science and Psychology","Neural Science and Psychology","3.28","No"
"X.2.21","Revision Cheap Talk","3","5","1","3","5","2","6","5","6","6","2","6","6",5,"Male","Mechatronics and Robotics","Mechatronics and Robotics","2.56","No"
"X.3.21","Revision Cheap Talk","3","5","2","7","7","7","7","7","7","7","1","7","7",5,"Male","humanities","","4","No"
"X.4.21","Revision Cheap Talk","3","5","3","7","7","7","7","7","7","7","7","7","7",5,"Male","Management of Technology","Management of Technology","3.6","No"
"X.6.21","Revision Cheap Talk","3","5","4","4","6","5","6","5","6","7","7","6","6",5,"Male","construction management","construction management",NA,"No"
"X.9.21","Revision Cheap Talk","3","5","5","7","5","7","6","5","6","7","5","7","7",5,"Female","Biology","Biology","3.57","No"
"X.11.21","Revision Cheap Talk","3","5","6","7","7","4","7","7","7","7","7","7","7",5,"Female","Vocal Performance Music Theatre","Vocal Performance Music Theatre","3.9","No"
"X.131","Revision Cheap Talk","3","6","1","7","7","7","7","7","7","7","7","7","7",5,"Female","business","business","3.47","Yes"
"X.1.21","Revision Cheap Talk","3","6","2","7","5","7","7","7","7","7","7","7","7",5,"Female","economics","","3.77","Yes"
"X.5.21","Revision Cheap Talk","3","6","3","7","7","7","7","7","7","7","7","7","7",5,"Female","economics","","3.3","No"
"X.7.21","Revision Cheap Talk","3","6","4","7","7","7","7","7","7","7","5","7","7",5,"Male","construction","construction","3.6","No"
"X.8.21","Revision Cheap Talk","3","6","5","5","7","7","7","7","7","7","7","7","7",5,"Male","construction","construction","3.45","No"
"X.10.21","Revision Cheap Talk","3","6","6","7","7","7","7","7","7","7","7","7","7",5,"Female","economics","","3.8","Yes"
"X.141","Revision Cheap Talk","4","7","1","4","3","3","6","3","6","5","7","6","5",5,"Female","computer science","","3.23","No"
"X.3.31","Revision Cheap Talk","4","7","2","4","2","3","5","3","6","6","7","4","5",5,"Female","computer science","","3.43","No"
"X.4.31","Revision Cheap Talk","4","7","3","7","7","4","5","3","6","6","3","7","7",5,"Male","computer science","","3.23","No"
"X.6.31","Revision Cheap Talk","4","7","4","7","3","3","5","7","7","7","7","7","7",5,"Male","computer science","","3.43","No"
"X.8.31","Revision Cheap Talk","4","7","5","7","7","3","7","5","4","5","7","4","4",5,"Female","computer science","","3.6","No"
"X.11.31","Revision Cheap Talk","4","7","6","3","7","3","5","1","6","6","7","7","7",5,"Male","computer science","","4","No"
"X.1.31","Revision Cheap Talk","4","8","1","7","7","7","7","7","7","7","7","7","7",5,"Male","Psychology","Psychology","3.3","No"
"X.2.31","Revision Cheap Talk","4","8","2","4","5","6","6","6","6","6","6","6","6",5,"Male","math","","3.45","Yes"
"X.5.31","Revision Cheap Talk","4","8","3","6","5","7","7","7","6","6","6","6","6",5,"Male","dramatic writing","dramatic writing","3.93","No"
"X.7.31","Revision Cheap Talk","4","8","4","4","7","7","7","7","7","7","7","7","7",5,"Male","humanities","","3.8","No"
"X.9.31","Revision Cheap Talk","4","8","5","4","7","7","7","7","6","7","6","6","6",5,"Male","computer science","","3.47","No"
"X.10.31","Revision Cheap Talk","4","8","6","5","7","7","7","7","7","7","7","6","6",5,"Male","computer science","","3.56","No"
"X.16","Infrequent Revision Mechanism","1","1","1","4","4","4","4","1","1","1","1","1","4",5,"Female","economics","","3.5","No"
"X.62","Infrequent Revision Mechanism","1","1","2","4","4","2","1","3","2","1","2","1","4",5,"Female","economics","","3.6","No"
"X.72","Infrequent Revision Mechanism","1","1","3","4","6","4","4","4","1","1","7","1","4",5,"Male","Integrated Digital Media","Integrated Digital Media","2.8","No"
"X.82","Infrequent Revision Mechanism","1","1","4","4","5","4","4","1","2","7","7","1","4",5,"Male","film and television","film and television",NA,"No"
"X.92","Infrequent Revision Mechanism","1","1","5","7","4","4","4","1","1","3","1","1","4",5,"Female","nursing","nursing","3.5","No"
"X.112","Infrequent Revision Mechanism","1","1","6","4","5","4","1","4","1","1","1","7","7",5,"Male","humanities","",NA,"No"
"X2","Infrequent Revision Mechanism","1","2","1","2","2","7","7","7","3","3","7","3","3",5,"Male","Math and Economics","Math and Economics","2.8","Yes"
"X.22","Infrequent Revision Mechanism","1","2","2","2","4","2","1","6","6","3","7","3","3",5,"Female","humanities","","4","No"
"X.32","Infrequent Revision Mechanism","1","2","3","6","2","4","4","3","4","4","3","4","4",5,"Male","joint major in economics/mathematics ","joint major in economics/mathematics ","3.59","Yes"
"X.42","Infrequent Revision Mechanism","1","2","4","7","3","5","7","4","7","7","7","4","3",5,"Female","economics","","3.67","No"
"X.52","Infrequent Revision Mechanism","1","2","5","7","7","7","7","7","7","3","7","7","7",5,"Female","Politics","Politics","3.64","No"
"X.102","Infrequent Revision Mechanism","1","2","6","2","7","7","1","7","7","3","3","3","3",5,"Female","Global Liberal Studies","Global Liberal Studies","3.8","No"
"X.122","Infrequent Revision Mechanism","2","3","1","4","6","7","7","7","7","7","7","7","7",5,"Female","economics","","3.95","Yes"
"X.2.12","Infrequent Revision Mechanism","2","3","2","7","7","7","7","7","7","7","7","7","7",5,"Male","computer science","","3.9","No"
"X.3.12","Infrequent Revision Mechanism","2","3","3","7","6","7","7","7","7","7","7","7","7",5,"Female","public health, pre-med","public health, pre-med","3.31","No"
"X.4.12","Infrequent Revision Mechanism","2","3","4","7","7","7","7","7","7","7","7","7","7",5,"Female","math","","3.9","Yes"
"X.5.12","Infrequent Revision Mechanism","2","3","5","6","6","7","7","7","7","7","7","7","7",5,"Female","film","film",NA,"No"
"X.7.12","Infrequent Revision Mechanism","2","3","6","7","7","7","7","7","7","7","7","7","7",5,"Male","electrical engineering","electrical engineering","3.13","No"
"X.1.12","Infrequent Revision Mechanism","2","4","1","4","6","7","6","6","6","6","6","4","6",5,"Female","humanities","",NA,"No"
"X.6.12","Infrequent Revision Mechanism","2","4","2","5","6","3","6","6","6","6","6","4","6",5,"Female","Management of Technology","Management of Technology","3.1","No"
"X.8.12","Infrequent Revision Mechanism","2","4","3","4","7","4","6","7","7","6","6","4","6",5,"Male","Electrical & computer engg","Electrical & computer engg","3.4","No"
"X.9.12","Infrequent Revision Mechanism","2","4","4","4","6","5","7","7","7","7","6","5","6",3,"Female","fine arts","fine arts",NA,"No"
"X.10.12","Infrequent Revision Mechanism","2","4","5","7","6","5","6","6","7","6","6","4","6",5,"Female","economics","",NA,"No"
"X.11.12","Infrequent Revision Mechanism","2","4","6","4","7","4","6","7","7","6","6","6","6",5,"Female","Data Science","Data Science","3.8","Yes"
"X.1.22","Infrequent Revision Mechanism","3","5","1","7","7","7","7","7","7","7","7","7","7",5,"Male","Finance","Finance","3.13","No"
"X.3.22","Infrequent Revision Mechanism","3","5","2","7","7","5","7","7","7","7","7","7","7",5,"Male","economics","","2.9","No"
"X.8.22","Infrequent Revision Mechanism","3","5","3","7","7","5","7","7","7","7","7","7","7",5,"Male","Environmental Studies, Physics","Environmental Studies, Physics",NA,"No"
"X.9.22","Infrequent Revision Mechanism","3","5","4","7","7","5","7","7","7","7","7","7","7",5,"Female","Dramatic Writing","Dramatic Writing","3.9","No"
"X.10.22","Infrequent Revision Mechanism","3","5","5","5","7","7","7","7","7","7","7","7","7",5,"Female","humanities","","3.82","No"
"X.11.22","Infrequent Revision Mechanism","3","5","6","3","5","7","7","7","7","7","7","7","7",5,"Male","politics","politics","3.66","Yes"
"X.132","Infrequent Revision Mechanism","3","6","1","7","7","6","7","7","7","7","7","7","7",5,"Male","Biology","Biology","3","No"
"X.2.22","Infrequent Revision Mechanism","3","6","2","6","7","7","6","7","7","7","7","7","7",5,"Male","economics","","3.5","Yes"
"X.4.22","Infrequent Revision Mechanism","3","6","3","7","7","7","7","7","7","7","7","7","7",5,"Female","economics","","3.5","No"
"X.5.22","Infrequent Revision Mechanism","3","6","4","6","7","7","7","7","7","7","7","7","7",5,"Female","comparative literature","comparative literature","3.6","No"
"X.6.22","Infrequent Revision Mechanism","3","6","5","6","7","7","7","7","7","7","7","7","7",5,"Male","computer science","","3.5","No"
"X.7.22","Infrequent Revision Mechanism","3","6","6","6","6","7","7","7","7","7","7","7","7",4,"Male","humanities","","3.98","No"
"X.1.32","Infrequent Revision Mechanism","4","7","1","5","5","7","7","7","7","7","7","7","7",5,"Male","electrical engineering","electrical engineering",NA,"No"
"X.4.32","Infrequent Revision Mechanism","4","7","2","6","7","5","7","7","7","7","7","7","7",5,"Male","Film and Television","Film and Television","3.8","No"
"X.7.32","Infrequent Revision Mechanism","4","7","3","5","5","5","7","7","7","7","7","7","7",5,"Female","Biology","Biology","3.79","No"
"X.8.32","Infrequent Revision Mechanism","4","7","4","7","7","7","7","7","7","7","7","7","7",5,"Female","humanities","","3.9","Yes"
"X.10.32","Infrequent Revision Mechanism","4","7","5","7","5","5","7","7","7","7","7","7","7",5,"Female","computer science","","3.9","No"
"X.11.32","Infrequent Revision Mechanism","4","7","6","7","7","5","7","7","7","7","7","7","7",5,"Female","economics","","2","No"
"X.142","Infrequent Revision Mechanism","4","8","1","4","4","4","4","4","5","5","7","7","7",4,"Male","Neural Science","Neural Science","2","No"
"X.2.32","Infrequent Revision Mechanism","4","8","2","4","4","4","4","5","5","5","5","7","7",5,"Female","math","","3.38","No"
"X.3.32","Infrequent Revision Mechanism","4","8","3","7","5","4","3","7","5","5","6","7","7",5,"Female","global public health/ anthropolgy co-major","global public health/ anthropolgy co-major","3.2","No"
"X.5.32","Infrequent Revision Mechanism","4","8","4","7","7","4","4","4","4","5","7","7","7",5,"Male","Psychology","Psychology","3.5","No"
"X.6.32","Infrequent Revision Mechanism","4","8","5","5","4","4","4","4","4","5","6","6","7",5,"Female","film and tv","film and tv",NA,"No"
"X.9.32","Infrequent Revision Mechanism","4","8","6","6","7","1","3","6","7","6","6","7","7",5,"Female","humanities","","3.8","No"
"X.23","Standard Cheap Talk","1","1","1","3","2","6","2","1","7","2","5","2","1",NA,"Female","humanities","","3.2","No"
"X.63","Standard Cheap Talk","1","1","2","4","3","2","2","2","2","1","3","2","1",NA,"Male","humanities","","3.6","No"
"X.73","Standard Cheap Talk","1","1","3","7","7","1","2","1","1","1","5","5","5",NA,"Male","math","","3.95","Yes"
"X.83","Standard Cheap Talk","1","1","4","5","2","3","3","2","5","4","4","4","2",NA,"Male","Finance","Finance","3.3","Yes"
"X.93","Standard Cheap Talk","1","1","5","7","7","2","7","1","1","3","4","2","2",NA,"Female","politics","politics","4","Yes"
"X.103","Standard Cheap Talk","1","1","6","4","5","4","3","4","3","3","4","4","5",NA,"Male","economics","","3.75","No"
"X3","Standard Cheap Talk","1","2","1","7","5","3","4","7","7","6","6","5","7",NA,"Female","economics","","3.7","Yes"
"X.17","Standard Cheap Talk","1","2","2","2","3","1","1","5","4","5","5","6","5",NA,"Male","economics","","2.2","No"
"X.33","Standard Cheap Talk","1","2","3","2","3","1","1","4","4","5","5","5","6",NA,"Female","Physical therapy","Physical therapy","3.3","No"
"X.43","Standard Cheap Talk","1","2","4","5","6","1","1","4","6","5","6","6","6",NA,"Female","Global Public Health/Anthropology","Global Public Health/Anthropology",NA,"No"
"X.53","Standard Cheap Talk","1","2","5","6","6","1","1","4","4","5","5","5","6",NA,"Female","Global Liberal Studies","Global Liberal Studies","3.92","No"
"X.113","Standard Cheap Talk","1","2","6","5","3","1","4","4","4","5","5","5","6",NA,"Female","math","","3.3","Yes"
"X.2.13","Standard Cheap Talk","2","3","1","6","7","7","7","7","7","7","7","7","7",5,"Female","Dramatic Writing","Dramatic Writing",NA,"No"
"X.5.13","Standard Cheap Talk","2","3","2","7","7","7","7","5","7","7","7","7","7",5,"Female","humanities","","3.85","No"
"X.8.13","Standard Cheap Talk","2","3","3","6","7","7","7","5","7","7","7","7","7",5,"Male","math/econ","math/econ","3.2","No"
"X.9.13","Standard Cheap Talk","2","3","4","6","7","7","7","7","7","7","7","7","7",5,"Male","nursing","nursing","3.5","No"
"X.10.13","Standard Cheap Talk","2","3","5","7","7","7","7","7","7","7","7","7","7",5,"Female","Game Design","Game Design","3.85","No"
"X.11.13","Standard Cheap Talk","2","3","6","7","7","7","7","7","7","7","7","7","7",5,"Male","math","","3.75","Yes"
"X.123","Standard Cheap Talk","2","4","1","6","5","1","7","2","2","5","3","3","6",5,"Male","foreign language","",NA,"No"
"X.1.13","Standard Cheap Talk","2","4","2","7","4","3","4","7","4","4","7","4","5",5,"Female","film/television","film/television","3.7","No"
"X.3.13","Standard Cheap Talk","2","4","3","4","4","3","4","4","3","4","4","3","5",5,"Male","economics","","3.89","No"
"X.4.13","Standard Cheap Talk","2","4","4","7","5","4","5","4","3","6","4","3","6",5,"Female","Business (Accounting)","Business (Accounting)","3.99","No"
"X.6.13","Standard Cheap Talk","2","4","5","2","7","7","7","7","7","7","7","3","7",5,"Female","Film and Televison","Film and Televison","3.7","No"
"X.7.13","Standard Cheap Talk","2","4","6","7","5","4","3","2","4","6","3","4","5",5,"Male","drama","drama","3.68","No"
"X.1.23","Standard Cheap Talk","3","5","1","5","6","7","7","7","7","7","7","7","6",5,"Female","Neural Science","Neural Science",NA,"No"
"X.2.23","Standard Cheap Talk","3","5","2","5","7","7","7","7","7","7","7","7","7",5,"Male","Film","Film","3.67","No"
"X.3.23","Standard Cheap Talk","3","5","3","7","7","7","7","7","7","7","7","7","7",5,"Male","physics/chemistry","",NA,"No"
"X.7.23","Standard Cheap Talk","3","5","4","5","6","7","7","7","7","7","7","7","7",5,"Female","economics","","3.5","No"
"X.8.23","Standard Cheap Talk","3","5","5","4","5","7","7","7","7","7","7","7","7",5,"Female","Drama","Drama","3.5","No"
"X.10.23","Standard Cheap Talk","3","5","6","7","7","7","7","7","7","7","7","7","7",5,"Female","economics","","3.7","No"
"X.133","Standard Cheap Talk","3","6","1","7","7","7","7","6","7","7","7","7","7",5,"Female","communicative sciences and disorders","communicative sciences and disorders","3.09","No"
"X.4.23","Standard Cheap Talk","3","6","2","6","7","7","7","7","7","7","7","7","7",5,"Male","Theatre","Theatre","3.7","No"
"X.5.23","Standard Cheap Talk","3","6","3","5","6","6","7","7","7","7","7","7","7",5,"Male","economics & cinema studies ","economics & cinema studies ","3.5","No"
"X.6.23","Standard Cheap Talk","3","6","4","7","6","7","7","6","7","7","6","7","7",5,"Female","humanities","","4","No"
"X.9.23","Standard Cheap Talk","3","6","5","7","7","7","7","7","7","7","7","7","7",5,"Female","Drama","Drama",NA,"No"
"X.11.23","Standard Cheap Talk","3","6","6","5","6","6","7","7","7","7","7","7","7",5,"Female","humanities","",NA,"No"
"X.1.33","Standard Cheap Talk","4","7","1","5","6","4","7","7","6","6","6","2","3",5,"Female","economics","","3","No"
"X.4.33","Standard Cheap Talk","4","7","2","6","6","5","7","7","6","7","6","7","5",5,"Male","Film & Television Production","Film & Television Production","3.77","No"
"X.5.33","Standard Cheap Talk","4","7","3","7","5","4","6","6","6","6","6","5","1",5,"Male","Game Design","Game Design",NA,"No"
"X.9.33","Standard Cheap Talk","4","7","4","6","7","7","7","7","7","6","6","7","1",5,"Male","Math/Economics Joint Major","Math/Economics Joint Major","3.75","No"
"X.10.33","Standard Cheap Talk","4","7","5","7","6","7","7","7","7","6","6","6","6",5,"Female","humanities","",NA,"No"
"X.11.33","Standard Cheap Talk","4","7","6","4","5","4","6","5","6","6","5","5","2",5,"Female","economics","","3.4","Yes"
"X.143","Standard Cheap Talk","4","8","1","5","5","1","4","5","4","6","6","6","7",4,"Female","Film&TV","Film&TV","3.7","No"
"X.2.33","Standard Cheap Talk","4","8","2","5","5","1","4","5","4","6","6","6","7",5,"Female","humanities","","3.42","No"
"X.3.33","Standard Cheap Talk","4","8","3","5","5","1","4","5","4","6","6","6","7",5,"Female","economics","",NA,"Yes"
"X.6.33","Standard Cheap Talk","4","8","4","5","5","7","4","5","5","6","6","6","7",5,"Female","physics/chemistry","","4","No"
"X.7.33","Standard Cheap Talk","4","8","5","7","7","7","4","7","7","6","6","6","7",5,"Male","Music Education","Music Education","3.75","No"
"X.8.33","Standard Cheap Talk","4","8","6","6","6","4","5","5","5","6","7","7","7",5,"Female","enivronmental studies, psychology","enivronmental studies, psychology","3.9","No"
"X.18","Random Revision Mechanism","1","1","1","7","7","7","6","7","7","7","7","7","7",5,"Female","philosophy","philosophy","3.2","No"
"X.34","Random Revision Mechanism","1","1","2","7","7","7","7","4","4","3","7","7","5",5,"Female","humanities","","3.4","No"
"X.54","Random Revision Mechanism","1","1","3","4","4","7","7","7","4","7","7","7","7",5,"Male","game design","game design",NA,"No"
"X.64","Random Revision Mechanism","1","1","4","4","3","6","6","4","4","3","7","7","6",5,"Male","Sociology, Politics","Sociology, Politics","3.2","Yes"
"X.84","Random Revision Mechanism","1","1","5","7","7","7","7","7","4","3","7","7","5",5,"Female","humanities","",NA,"No"
"X.94","Random Revision Mechanism","1","1","6","7","7","7","7","7","7","7","7","7","5",5,"Male","Drama","Drama","3.62","No"
"X4","Random Revision Mechanism","1","2","1","7","7","7","7","7","7","7","7","7","7",5,"Male","Film and Television","Film and Television","3.5","No"
"X.24","Random Revision Mechanism","1","2","2","7","7","7","7","7","7","7","7","7","6",5,"Male","economics","","3.61","No"
"X.44","Random Revision Mechanism","1","2","3","7","7","7","7","7","7","7","7","7","7",5,"Female","humanities","",NA,"No"
"X.74","Random Revision Mechanism","1","2","4","5","7","7","7","7","7","7","7","5","6",5,"Male","economics","","3.3","No"
"X.104","Random Revision Mechanism","1","2","5","4","7","7","7","7","7","7","7","7","6",5,"Male","drama","drama","3.4","No"
"X.114","Random Revision Mechanism","1","2","6","6","7","7","7","7","7","7","7","7","7",5,"Female","Applied Psychology","Applied Psychology","3","No"
"X.124","Random Revision Mechanism","2","3","1","7","5","3","3","7","4","7","7","7","7",5,"Female","Acting","Acting","3.2","No"
"X.3.14","Random Revision Mechanism","2","3","2","7","7","7","3","4","4","7","7","7","7",5,"Male","electrical ","electrical ","3.7","No"
"X.6.14","Random Revision Mechanism","2","3","3","2","1","3","3","4","4","7","7","7","7",5,"Female","humanities","","3.91","No"
"X.7.14","Random Revision Mechanism","2","3","4","7","7","7","7","7","7","7","7","7","7",5,"Male","physics/chemistry","","3.53","Yes"
"X.8.14","Random Revision Mechanism","2","3","5","2","1","3","3","7","4","7","7","7","7",5,"Female","economics","","3.58","Yes"
"X.9.14","Random Revision Mechanism","2","3","6","3","7","3","3","4","4","7","7","7","7",5,"Male","Social Work","Social Work","3.76","No"
"X.1.14","Random Revision Mechanism","2","4","1","4","7","7","7","7","7","7","7","7","7",5,"Female","DOuble Major: Business at Stern & Psychology at CAS","DOuble Major: Business at Stern & Psychology at CAS","3.5","Yes"
"X.2.14","Random Revision Mechanism","2","4","2","7","7","7","7","7","7","6","7","7","7",5,"Female","theatre","theatre","3.22","No"
"X.4.14","Random Revision Mechanism","2","4","3","7","7","7","7","7","7","6","7","7","7",5,"Female","humanities","","3.6","Yes"
"X.5.14","Random Revision Mechanism","2","4","4","3","7","7","7","7","7","6","7","7","7",5,"Female","math","","3.5","No"
"X.10.14","Random Revision Mechanism","2","4","5","3","7","7","7","7","7","6","7","7","7",5,"Male","humanities","",NA,"No"
"X.11.14","Random Revision Mechanism","2","4","6","7","7","7","7","7","7","6","7","7","7",5,"Male","Music Technology (Music Informatics/Data Science)","Music Technology (Music Informatics/Data Science)","3.56","No"
"X.1.24","Random Revision Mechanism","3","5","1","7","7","7","7","7","7","7","7","7","7",5,"Female","film/television","film/television","3.7","No"
"X.5.24","Random Revision Mechanism","3","5","2","7","7","7","7","7","7","7","7","7","7",4,"Female","economics","","3.5","Yes"
"X.8.24","Random Revision Mechanism","3","5","3","7","7","7","7","7","7","7","7","7","7",5,"Male","Biology","Biology","3.6","No"
"X.9.24","Random Revision Mechanism","3","5","4","7","7","7","7","7","7","7","7","7","7",5,"Female","Global Public Health/Anthropology","Global Public Health/Anthropology","3.4","No"
"X.10.24","Random Revision Mechanism","3","5","5","7","7","7","7","7","7","7","7","7","7",5,"Female","humanities","","3.75","Yes"
"X.11.24","Random Revision Mechanism","3","5","6","7","7","7","7","7","7","7","7","7","7",5,"Female","Applied Psychology and Global Public Health","Applied Psychology and Global Public Health","3.85","No"
"X.134","Random Revision Mechanism","3","6","1","6","3","4","7","7","7","7","7","7","7",5,"Female","math","","3.4","No"
"X.2.24","Random Revision Mechanism","3","6","2","7","7","7","7","7","7","7","7","7","7",5,"Male","physics/chemistry","","3.9","No"
"X.3.24","Random Revision Mechanism","3","6","3","4","3","5","7","7","7","7","7","7","7",5,"Female","humanities","","3.4","Yes"
"X.4.24","Random Revision Mechanism","3","6","4","3","3","5","7","7","7","7","7","7","7",5,"Female","Photography","Photography",NA,"No"
"X.6.24","Random Revision Mechanism","3","6","5","4","3","4","4","7","7","7","7","7","7",5,"Female","economics","","3.6","No"
"X.7.24","Random Revision Mechanism","3","6","6","3","7","7","7","7","7","7","7","7","7",5,"Female","humanities","","3.76","Yes"
"X.144","Random Revision Mechanism","4","7","1","3","7","2","7","7","7","7","7","7","7",4,"Female","journalism ","journalism ",NA,"No"
"X.2.34","Random Revision Mechanism","4","7","2","2","3","2","7","7","7","7","7","7","7",5,"Female","economics","","3.63","No"
"X.4.34","Random Revision Mechanism","4","7","3","4","7","3","7","7","7","7","7","7","7",5,"Male","physics/chemistry","","3.5","Yes"
"X.8.34","Random Revision Mechanism","4","7","4","7","7","2","7","7","7","7","7","7","7",5,"Male","humanities","","3.8","Yes"
"X.9.34","Random Revision Mechanism","4","7","5","7","7","2","7","7","7","7","7","7","7",5,"Female","Business","Business","3.85","No"
"X.10.34","Random Revision Mechanism","4","7","6","2","7","2","7","7","7","7","7","7","7",5,"Male","Biology","Biology","3.9","No"
"X.1.34","Random Revision Mechanism","4","8","1","7","3","4","6","7","3","6","2","5","5",5,"Female","biology","biology","3.7","No"
"X.3.34","Random Revision Mechanism","4","8","2","5","3","4","6","1","3","6","2","5","3",5,"Male","photography","photography",NA,"No"
"X.5.34","Random Revision Mechanism","4","8","3","5","4","4","7","7","3","6","2","5","7",5,"Female","math","","3.64","Yes"
"X.6.34","Random Revision Mechanism","4","8","4","5","3","5","6","1","3","6","2","5","3",5,"Female","computer science","",NA,"No"
"X.7.34","Random Revision Mechanism","4","8","5","5","3","4","6","4","3","6","2","5","3",5,"Male","economics","","3.9","No"
"X.11.34","Random Revision Mechanism","4","8","6","5","3","4","6","4","3","6","2","5","3",5,"Female","economics","","4","Yes"
"X.19","Revision Cheap Talk","1","9","1","7","6","7","7","7","7","7","7","7","7",4,"Male","humanities","","3.64","Yes"
"X.25","Revision Cheap Talk","1","9","2","5","6","6","7","7","7","7","7","7","7",5,"Male","computer science","","3.74","No"
"X.55","Revision Cheap Talk","1","9","3","5","6","6","7","7","7","7","7","7","7",5,"Female","math and econ","math and econ","3.6","No"
"X.95","Revision Cheap Talk","1","9","4","7","5","7","7","7","7","7","7","7","7",5,"Female","economics","","3.08","No"
"X.105","Revision Cheap Talk","1","9","5","7","6","6","7","7","7","7","7","7","7",5,"Female","economics","","3.88","Yes"
"X.115","Revision Cheap Talk","1","9","6","7","7","7","7","7","7","7","7","7","7",5,"Female","math","","3.45","No"
"X5","Revision Cheap Talk","1","10","1","7","7","7","7","7","2","7","7","7","7",5,"Male","economics","","3.68","Yes"
"X.35","Revision Cheap Talk","1","10","2","5","6","7","7","7","7","7","7","7","7",5,"Female","Drama","Drama","3.63","No"
"X.45","Revision Cheap Talk","1","10","3","6","5","7","7","7","7","7","7","2","7",5,"Male","anthropology and environmental studies","anthropology and environmental studies","3.42","No"
"X.65","Revision Cheap Talk","1","10","4","5","5","7","7","7","2","7","7","1","7",5,"Female","drama","drama","3.81","No"
"X.75","Revision Cheap Talk","1","10","5","7","5","7","7","7","7","7","7","5","7",5,"Female","psychology","psychology",NA,"No"
"X.85","Revision Cheap Talk","1","10","6","7","7","7","7","7","7","7","7","7","7",5,"Male","Music Business","Music Business","3.4","No"
"X.125","Revision Cheap Talk","2","11","1","5","3","4","5","4","1","7","5","7","6",5,"Female","politics","politics","3.91","Yes"
"X.1.15","Revision Cheap Talk","2","11","2","4","2","4","1","4","1","3","1","7","5",5,"Female","cinema studies/journalism","cinema studies/journalism","3.56","No"
"X.2.15","Revision Cheap Talk","2","11","3","7","3","4","5","4","1","5","7","7","5",5,"Male","computer science","","3.2","No"
"X.3.15","Revision Cheap Talk","2","11","4","5","4","4","5","4","1","7","4","7","5",5,"Male","economics","","4","No"
"X.9.15","Revision Cheap Talk","2","11","5","5","2","4","5","4","4","7","3","7","7",5,"Male","Marketing and French Studies","Marketing and French Studies","3.2","No"
"X.11.15","Revision Cheap Talk","2","11","6","6","6","4","5","4","3","4","4","7","5",5,"Male","Construction Management","Construction Management","3.4","No"
"X.4.15","Revision Cheap Talk","2","12","1","1","3","4","5","5","6","5","7","7","7",5,"Female","economics","","3.6","No"
"X.5.15","Revision Cheap Talk","2","12","2","7","6","5","5","6","6","5","7","7","7",5,"Male","psychology","psychology",NA,"No"
"X.6.15","Revision Cheap Talk","2","12","3","7","3","4","5","6","6","5","7","7","7",5,"Female","economics","","3.75","Yes"
"X.7.15","Revision Cheap Talk","2","12","4","6","3","4","5","5","6","5","7","7","7",5,"Female","Computer engineering","Computer engineering","3.14","No"
"X.8.15","Revision Cheap Talk","2","12","5","7","3","7","7","7","7","5","7","7","7",5,"Male","economics","","3","Yes"
"X.10.15","Revision Cheap Talk","2","12","6","3","3","7","7","5","5","5","6","7","7",3,"Male","film","film",NA,"No"
"X.135","Revision Cheap Talk","3","13","1","5","7","7","7","7","7","7","7","7","7",0,"Female","business","business",NA,"Yes"
"X.2.25","Revision Cheap Talk","3","13","2","5","7","7","7","7","7","7","7","7","7",5,"Male","economics","","3.45","Yes"
"X.3.25","Revision Cheap Talk","3","13","3","5","7","7","7","6","7","7","7","7","7",5,"Female","math and economics","math and economics","3.62","Yes"
"X.5.25","Revision Cheap Talk","3","13","4","5","7","7","7","7","7","7","7","7","7",5,"Female","drama/creative writing","drama/creative writing","3.6","Yes"
"X.7.25","Revision Cheap Talk","3","13","5","5","7","7","7","7","7","7","7","7","7",5,"Female","economics","","3.96","Yes"
"X.11.25","Revision Cheap Talk","3","13","6","7","7","7","7","7","7","7","7","6","7",5,"Female","economics","","3.54","No"
"X.1.25","Revision Cheap Talk","3","14","1","2","7","7","7","5","7","7","5","7","7",5,"Male","Global Liberal Studies","Global Liberal Studies","3.8","No"
"X.4.25","Revision Cheap Talk","3","14","2","3","2","7","4","5","7","6","5","5","6",5,"Male","Game Design","Game Design","3.5","No"
"X.6.25","Revision Cheap Talk","3","14","3","5","1","6","5","4","7","7","5","5","5",5,"Female","Management","Management",NA,"No"
"X.8.25","Revision Cheap Talk","3","14","4","2","5","5","5","5","7","6","5","5","6",5,"Female","politics/journalism","politics/journalism","3.5","No"
"X.9.25","Revision Cheap Talk","3","14","5","5","2","3","4","5","5","3","5","4","5",0,"Female","computer science","","3.5","No"
"X.10.25","Revision Cheap Talk","3","14","6","3","5","7","4","5","7","7","6","4","7",4,"Female","Film and Television","Film and Television","3.6","No"
"X.1.35","Revision Cheap Talk","4","15","1","7","7","7","7","7","7","7","7","7","6",5,"Male","computer science","","3.2","No"
"X.2.35","Revision Cheap Talk","4","15","2","7","7","7","7","7","7","7","7","7","7",5,"Male","economics","",NA,"Yes"
"X.6.35","Revision Cheap Talk","4","15","3","7","7","7","7","7","7","7","7","7","7",5,"Male","economics","",NA,"No"
"X.8.35","Revision Cheap Talk","4","15","4","7","7","7","7","7","7","7","7","7","7",5,"Female","humanities","","3.67","No"
"X.10.35","Revision Cheap Talk","4","15","5","7","7","7","7","7","7","7","7","2","7",5,"Male","business","business","3.7","Yes"
"X.11.35","Revision Cheap Talk","4","15","6","7","7","7","7","7","6","7","7","7","7",5,"Female","computer science","","3.5","No"
"X.145","Revision Cheap Talk","4","16","1","4","3","2","2","4","3","4","4","6","7",5,"Female","economics","","3.8","No"
"X.3.35","Revision Cheap Talk","4","16","2","4","3","2","3","2","3","5","4","6","7",5,"Female","economics","","1","Yes"
"X.4.35","Revision Cheap Talk","4","16","3","4","3","2","2","2","3","4","4","6","7",5,"Female","construction management","construction management","3.88","No"
"X.5.35","Revision Cheap Talk","4","16","4","5","2","2","2","2","3","4","4","6","7",5,"Female","drama","drama","3.8","Yes"
"X.7.35","Revision Cheap Talk","4","16","5","5","3","3","2","3","3","4","4","6","7",5,"Female","computer engineering","computer engineering","3","No"
"X.9.35","Revision Cheap Talk","4","16","6","7","6","4","3","2","5","5","4","6","7",5,"Male","physics/chemistry","","3.73","No"
"X6","Synchronous Revision Mechanism","1","1","1","5","2","1","1","1","7","7","7","7","7",5,"Female","accounting/finance","accounting/finance","2.8","No"
"X.110","Synchronous Revision Mechanism","1","1","2","2","4","1","1","1","7","7","7","7","7",5,"Male","Finance","Finance","3.62","No"
"X.26","Synchronous Revision Mechanism","1","1","3","4","2","1","1","1","7","7","7","7","7",4,"Female","excerise science","excerise science","3.8","No"
"X.36","Synchronous Revision Mechanism","1","1","4","2","1","1","1","1","7","7","7","7","1",5,"Male","humanities","","3.4","No"
"X.46","Synchronous Revision Mechanism","1","1","5","7","5","2","1","1","7","7","7","7","7",5,"Male","Business","Business","3.51","No"
"X.56","Synchronous Revision Mechanism","1","1","6","2","1","1","1","1","7","7","7","7","1",5,"Female","Law","Law","3.4","No"
"X.66","Synchronous Revision Mechanism","2","2","1","2","2","4","2","7","7","7","7","2","7",5,"Male","Finance and Technology Management","Finance and Technology Management","3.2","Yes"
"X.1.16","Synchronous Revision Mechanism","2","2","2","7","3","5","2","4","7","4","5","5","5",5,"Male","Biology","Biology","3.4","No"
"X.2.16","Synchronous Revision Mechanism","2","2","3","4","4","6","6","7","7","7","7","5","7",5,"Male","economics","","4","No"
"X.3.16","Synchronous Revision Mechanism","2","2","4","4","2","5","6","4","7","4","6","5","2",5,"Female","Business","Business","3.69","Yes"
"X.4.16","Synchronous Revision Mechanism","2","2","5","4","6","6","6","4","7","4","5","6","6",5,"Male","Business","Business","3.1","No"
"X.5.16","Synchronous Revision Mechanism","2","2","6","5","5","6","6","7","7","4","7","5","7",5,"Male","foreign language","",NA,"Yes"
"X.76","Synchronous Revision Mechanism","3","3","1","7","7","7","7","7","7","7","7","7","7",5,"Female","Psychology","Psychology","3.1","No"
"X.1.26","Synchronous Revision Mechanism","3","3","2","7","7","7","7","7","7","7","7","7","7",5,"Male","economics","","3.62","Yes"
"X.2.26","Synchronous Revision Mechanism","3","3","3","5","7","7","7","7","7","7","7","7","7",5,"Female","economics","","4","Yes"
"X.3.26","Synchronous Revision Mechanism","3","3","4","7","6","7","7","7","7","7","7","7","7",5,"Male","computer science","","3.79","Yes"
"X.4.26","Synchronous Revision Mechanism","3","3","5","7","7","7","7","7","7","7","7","7","7",5,"Male","Accounting and Finance","Accounting and Finance","3.64","No"
"X.5.26","Synchronous Revision Mechanism","3","3","6","5","6","7","7","7","7","7","7","7","7",5,"Female","Biology","Biology","3.7","No"
"X.86","Synchronous Revision Mechanism","4","4","1","4","6","4","7","1","4","7","6","5","5",5,"Male","Finance","Finance",NA,"No"
"X.1.36","Synchronous Revision Mechanism","4","4","2","7","6","5","7","7","4","7","6","4","5",5,"Female","Business","Business","3.49","No"
"X.2.36","Synchronous Revision Mechanism","4","4","3","4","6","4","7","1","4","7","6","4","5",5,"Male","Finance & International Business","Finance & International Business","3.59","No"
"X.3.36","Synchronous Revision Mechanism","4","4","4","3","6","4","7","1","4","7","6","4","4",5,"Female","Marketing","Marketing","3.74","No"
"X.4.36","Synchronous Revision Mechanism","4","4","5","4","6","5","7","5","4","7","6","5","5",5,"Male","Music","Music","3.92","No"
"X.5.36","Synchronous Revision Mechanism","4","4","6","4","7","5","7","5","4","7","6","5","5",5,"Male","physics/chemistry","","3.66","No"
"X.96","Synchronous Revision Mechanism","5","5","1","5","6","1","4","2","3","5","4","7","5",5,"Male","Supply Chain Management","Supply Chain Management","2.98","No"
"X.1.4","Synchronous Revision Mechanism","5","5","2","4","7","1","5","2","1","7","4","7","6",5,"Female","humanities","",NA,"No"
"X.2.4","Synchronous Revision Mechanism","5","5","3","7","7","7","7","7","7","7","7","7","7",5,"Male","IMP: Directing and Producing for Theatre and Film","IMP: Directing and Producing for Theatre and Film","3.93","No"
"X.3.4","Synchronous Revision Mechanism","5","5","4","6","7","1","5","2","1","5","4","7","6",5,"Female","foreign language","","3.9","No"
"X.4.4","Synchronous Revision Mechanism","5","5","5","3","6","1","4","2","1","5","4","6","5",5,"Male","Economic Consulting","Economic Consulting","3.7","No"
"X.5.4","Synchronous Revision Mechanism","5","5","6","5","6","1","4","2","1","5","5","6","5",5,"Male","Law and Public Policy","Law and Public Policy",NA,"No"
"X.106","Synchronous Revision Mechanism","6","6","1","5","5","5","5","7","7","7","7","7","7",5,"Female","Psychology","Psychology","3.54","No"
"X.1.5","Synchronous Revision Mechanism","6","6","2","5","5","5","5","7","7","7","7","7","7",5,"Male","economics/math","economics/math","3.2","No"
"X.2.5","Synchronous Revision Mechanism","6","6","3","5","5","5","5","7","7","7","7","7","7",5,"Female","Math and computer science","Math and computer science","3.93","No"
"X.3.5","Synchronous Revision Mechanism","6","6","4","5","5","5","5","6","7","7","7","7","7",5,"Female","Business","Business","3.55","Yes"
"X.4.5","Synchronous Revision Mechanism","6","6","5","5","5","5","5","7","7","7","7","7","7",5,"Male","Journalism","Journalism","3.4","No"
"X.5.5","Synchronous Revision Mechanism","6","6","6","5","5","5","5","7","7","7","7","7","7",5,"Male","Biotechnology","Biotechnology","3.92","No"
"X.116","Synchronous Revision Mechanism","7","7","1","7","4","4","7","7","7","7","7","7","7",5,"Male","Economic Consulting, Public Policy Analysis","Economic Consulting, Public Policy Analysis","3.06","No"
"X.1.6","Synchronous Revision Mechanism","7","7","2","6","4","5","7","7","7","5","7","7","7",5,"Female","humanities","","4","No"
"X.2.6","Synchronous Revision Mechanism","7","7","3","6","5","5","7","7","7","6","7","7","6",5,"Male","economics","","3.88","Yes"
"X.3.6","Synchronous Revision Mechanism","7","7","4","5","5","3","7","7","7","5","7","7","6",5,"Female","Political Science and History","Political Science and History",NA,"No"
"X.4.6","Synchronous Revision Mechanism","7","7","5","7","7","7","7","7","7","7","7","7","7",5,"Female","political science","political science",NA,"No"
"X.5.6","Synchronous Revision Mechanism","7","7","6","7","7","7","7","7","7","6","6","7","6",5,"Female","Biology","Biology","3.8","No"
"X.126","Synchronous Revision Mechanism","8","8","1","7","2","1","3","4","6","7","7","7","7",5,"Female","marketing & theatre","marketing & theatre","3.77","No"
"X.1.7","Synchronous Revision Mechanism","8","8","2","3","2","1","3","4","6","7","7","6","7",5,"Male","Accounting/Finance","Accounting/Finance","3.5","No"
"X.2.7","Synchronous Revision Mechanism","8","8","3","6","5","1","3","4","7","7","7","6","7",5,"Male","business","business","3.9","No"
"X.3.7","Synchronous Revision Mechanism","8","8","4","6","7","2","3","4","6","7","7","7","7",5,"Female","Marketing","Marketing","3.85","No"
"X.4.7","Synchronous Revision Mechanism","8","8","5","5","4","1","3","4","7","7","7","6","7",5,"Female","Media ","Media ","3.1","No"
"X.5.7","Synchronous Revision Mechanism","8","8","6","5","4","1","3","4","6","7","7","7","7",5,"Female","","","3.64","No"
"X7","Revision Mechanism","1","9","1","7","7","7","7","7","7","7","7","7","7",5,"Female","public affairs and environmental science","public affairs and environmental science","3.93","Yes"
"X.117","Revision Mechanism","1","9","2","7","7","7","7","7","7","7","7","7","7",5,"Female","humanities","",NA,"No"
"X.27","Revision Mechanism","1","9","3","7","7","7","7","7","7","7","7","7","7",5,"Female","Law and Public Policy","Law and Public Policy","3.1","No"
"X.37","Revision Mechanism","1","9","4","7","7","7","7","7","7","7","7","7","7",5,"Female","Studio Art","Studio Art","3.35","No"
"X.47","Revision Mechanism","1","9","5","7","7","7","7","7","7","7","7","7","7",5,"Male","Business","Business","3.8","No"
"X.57","Revision Mechanism","1","9","6","5","7","7","7","7","7","7","7","7","7",5,"Female","Epidemiology","Epidemiology","3.8","No"
"X.67","Revision Mechanism","2","10","1","7","7","7","7","7","7","7","7","7","7",5,"Female","Marketing, English, Digital Social Media","Marketing, English, Digital Social Media","3.83","No"
"X.1.17","Revision Mechanism","2","10","2","7","7","7","7","7","7","7","7","7","7",5,"Female","economics","","3.45","Yes"
"X.2.17","Revision Mechanism","2","10","3","7","7","7","7","7","7","7","7","7","7",5,"Male","Policy Analysis (Public Affairs)","Policy Analysis (Public Affairs)","3.6","Yes"
"X.3.17","Revision Mechanism","2","10","4","7","7","7","7","7","7","7","7","7","7",5,"Female","accounting and finance","accounting and finance","2.8","No"
"X.4.17","Revision Mechanism","2","10","5","7","7","7","7","7","7","7","7","7","7",5,"Female","arts management ","arts management ","3.2","No"
"X.5.17","Revision Mechanism","2","10","6","7","7","7","7","7","7","7","7","7","7",5,"Female","economics","","3.55","No"
"X.77","Revision Mechanism","3","11","1","4","6","6","7","7","7","7","7","7","7",5,"Male","foreign language","","3.98","No"
"X.1.27","Revision Mechanism","3","11","2","4","5","7","7","6","7","7","7","7","7",5,"Male","Public Policy","Public Policy","3.73","No"
"X.2.27","Revision Mechanism","3","11","3","4","6","6","7","6","7","7","7","7","7",5,"Female","Speech, Language, and Hearing Science","Speech, Language, and Hearing Science","4","No"
"X.3.27","Revision Mechanism","3","11","4","3","5","6","7","7","7","7","7","7","7",5,"Male","Finance","Finance","3.37","No"
"X.4.27","Revision Mechanism","3","11","5","6","6","6","7","6","7","7","7","7","7",5,"Male","Finance","Finance","3.35","No"
"X.5.27","Revision Mechanism","3","11","6","4","6","6","7","6","7","7","7","7","7",5,"Female","business","business","3.9","No"
"X.87","Revision Mechanism","4","12","1","4","1","1","7","7","7","1","3","7","7",5,"Male","Business","Business","3.7","No"
"X.1.37","Revision Mechanism","4","12","2","4","1","1","7","7","7","7","4","7","7",5,"Male","Finance","Finance","3.67","No"
"X.2.37","Revision Mechanism","4","12","3","7","7","2","7","2","7","7","4","7","7",5,"Male","humanities","","4","No"
"X.3.37","Revision Mechanism","4","12","4","7","7","7","7","7","7","7","7","7","7",5,"Male","Economics and Computer Science","Economics and Computer Science","3.3","Yes"
"X.4.37","Revision Mechanism","4","12","5","5","7","1","7","7","7","1","1","7","7",5,"Female","sociology","sociology","3.45","Yes"
"X.5.37","Revision Mechanism","4","12","6","7","1","1","7","7","7","1","7","7","7",5,"Female","public health","public health","3.96","No"
"X.97","Revision Mechanism","5","13","1","7","7","7","7","7","7","7","7","7","7",5,"Female","International Studies","International Studies",NA,"No"
"X.1.41","Revision Mechanism","5","13","2","7","7","7","7","7","7","7","7","7","7",5,"Male","Doctor of Optometry Student","Doctor of Optometry Student",NA,"Yes"
"X.2.41","Revision Mechanism","5","13","3","7","7","7","7","7","7","7","7","7","7",5,"Male","Policy Analysis","Policy Analysis","3.41","No"
"X.3.41","Revision Mechanism","5","13","4","5","7","7","7","7","7","7","7","7","7",5,"Female","Accounting and Finance","Accounting and Finance","4","No"
"X.4.41","Revision Mechanism","5","13","5","7","7","7","7","7","7","7","7","7","7",5,"Female","business","business","3.87","No"
"X.5.41","Revision Mechanism","5","13","6","7","7","7","7","7","7","7","7","7","7",5,"Female","Accounting and Finance","Accounting and Finance","3.4","No"
"X.107","Revision Mechanism","6","14","1","5","5","2","1","5","4","6","4","7","6",5,"Male","Finance & Tech Management","Finance & Tech Management","3.87","No"
"X.1.51","Revision Mechanism","6","14","2","7","7","2","2","5","4","7","4","7","6",5,"Female","marketing","marketing","3.8","Yes"
"X.2.51","Revision Mechanism","6","14","3","7","7","7","4","7","5","7","5","7","6",5,"Male","economics","","3.98","Yes"
"X.3.51","Revision Mechanism","6","14","4","7","4","1","1","7","7","7","4","7","6",5,"Female","Supply chain management + marketing","Supply chain management + marketing","3.71","Yes"
"X.4.51","Revision Mechanism","6","14","5","7","7","7","7","7","7","7","7","7","6",5,"Male","humanities","","3","No"
"X.5.51","Revision Mechanism","6","14","6","5","7","7","2","5","4","7","5","7","6",5,"Female","humanities","","3.8","No"
"X.118","Revision Mechanism","7","15","1","7","7","7","7","7","7","7","7","7","7",5,"Male","economics","",NA,"No"
"X.1.61","Revision Mechanism","7","15","2","7","7","7","7","7","7","7","7","7","7",5,"Male","Finance","Finance","3.67","No"
"X.2.61","Revision Mechanism","7","15","3","7","7","7","7","7","7","7","7","7","7",5,"Male","Business (Marketing)","Business (Marketing)","3.5","No"
"X.3.61","Revision Mechanism","7","15","4","7","7","7","7","7","7","7","7","7","7",5,"Male","Law and Public Policy","Law and Public Policy",NA,"No"
"X.4.61","Revision Mechanism","7","15","5","7","7","7","7","7","7","7","7","7","7",5,"Male","Public Policy Analysis","Public Policy Analysis","3.99","No"
"X.5.61","Revision Mechanism","7","15","6","7","7","7","7","7","7","7","7","7","7",5,"Female","Psychology","Psychology","4","No"
"X.127","Revision Mechanism","8","16","1","4","7","6","4","6","7","7","7","7","7",5,"Female","Biology","Biology","3.91","No"
"X.1.71","Revision Mechanism","8","16","2","5","7","6","7","6","7","7","7","7","7",5,"Female","humanities","","3.5","No"
"X.2.71","Revision Mechanism","8","16","3","4","7","7","7","7","7","7","7","7","7",5,"Female","Biology","Biology","3.8","No"
"X.3.71","Revision Mechanism","8","16","4","4","7","6","7","7","7","7","7","7","7",5,"Female","double major in journalism and informatics","double major in journalism and informatics","4","No"
"X.4.71","Revision Mechanism","8","16","5","4","7","7","4","7","7","7","7","7","7",5,"Female","humanities","Psychology","2.89","No"
"X.5.71","Revision Mechanism","8","16","6","5","7","6","7","6","7","7","7","7","7",5,"Female","Human Resource Management","Human Resource Management","3.3","No"
"X8","Revision Mechanism VHBB","1","9","1","2","3","7","7","7","7","7","7","7","7",5,"Female","math","","3.89","Yes"
"X.119","Revision Mechanism VHBB","1","9","2","1","1","1","7","7","7","7","7","7","7",5,"Male","economics","","3.96","No"
"X.28","Revision Mechanism VHBB","1","9","3","1","1","1","7","7","7","7","7","7","7",4,"Female","","","3.3","Yes"
"X.38","Revision Mechanism VHBB","1","9","4","1","1","1","7","7","7","7","7","7","7",5,"Female","business","business","3.43","No"
"X.48","Revision Mechanism VHBB","1","9","5","7","2","1","7","7","7","7","7","7","7",5,"Male","Finance","Finance","3.92","Yes"
"X.58","Revision Mechanism VHBB","1","9","6","3","1","1","7","7","7","7","7","7","7",5,"Female","Marketing, Digital and Social Media Business Analytics","Marketing, Digital and Social Media Business Analytics","3.2","No"
"X.68","Revision Mechanism VHBB","2","10","1","1","1","7","7","7","7","7","7","1","7",5,"Male","Accounting and Finance","Accounting and Finance","3.9","No"
"X.1.18","Revision Mechanism VHBB","2","10","2","1","1","7","7","7","7","7","7","1","7",5,"Female","Business","Business","4","No"
"X.2.18","Revision Mechanism VHBB","2","10","3","1","1","7","7","7","7","7","7","7","7",5,"Female","Marketing","Marketing","3.5","No"
"X.3.18","Revision Mechanism VHBB","2","10","4","7","7","7","7","7","7","7","7","7","7",5,"Male","Accounting","Accounting","3.42","No"
"X.4.18","Revision Mechanism VHBB","2","10","5","7","7","7","7","7","7","7","7","7","7",5,"Male","business","business","3.8","No"
"X.5.18","Revision Mechanism VHBB","2","10","6","1","1","7","7","7","7","7","7","7","7",5,"Male","","","3","No"
"X.78","Revision Mechanism VHBB","3","11","1","3","5","6","7","7","7","7","7","7","7",4,"Female","economics","","3.8","Yes"
"X.1.28","Revision Mechanism VHBB","3","11","2","7","4","6","7","7","7","7","7","7","7",5,"Male","economics","","3.72","Yes"
"X.2.28","Revision Mechanism VHBB","3","11","3","7","4","6","7","7","7","7","7","7","7",5,"Female","math","","3.95","No"
"X.3.28","Revision Mechanism VHBB","3","11","4","3","4","6","7","7","7","7","7","7","7",5,"Male","Finance","Finance","3.8","Yes"
"X.4.28","Revision Mechanism VHBB","3","11","5","3","4","6","7","7","7","7","7","7","7",5,"Male","finance","finance","3.94","No"
"X.5.28","Revision Mechanism VHBB","3","11","6","3","4","6","7","7","7","7","7","7","7",5,"Male","Finance","Finance","3.93","Yes"
"X.88","Revision Mechanism VHBB","4","12","1","6","1","7","7","6","7","7","5","6","7",5,"Female","Accounting and Finance","Accounting and Finance","3.98","No"
"X.1.38","Revision Mechanism VHBB","4","12","2","7","5","7","7","6","7","7","5","6","7",5,"Female","community health","community health","2.9","No"
"X.2.38","Revision Mechanism VHBB","4","12","3","7","7","7","7","7","7","7","7","7","7",5,"Male","economics","","3.4","No"
"X.3.38","Revision Mechanism VHBB","4","12","4","7","4","7","7","6","7","7","5","6","7",5,"Female","humanities","","4","No"
"X.4.38","Revision Mechanism VHBB","4","12","5","7","1","7","7","6","7","7","5","6","7",5,"Male","math and economics","math and economics","3.72","Yes"
"X.5.38","Revision Mechanism VHBB","4","12","6","6","3","7","7","6","7","7","5","6","7",5,"Male","math","","3.4","No"
"X.98","Revision Mechanism VHBB","5","13","1","3","4","7","7","7","7","7","7","7","7",5,"Female","Finance","Finance","3.81","No"
"X.1.42","Revision Mechanism VHBB","5","13","2","2","2","7","7","7","7","7","7","7","7",5,"Male","Finance and Biotechnology","Finance and Biotechnology","3.76","Yes"
"X.2.42","Revision Mechanism VHBB","5","13","3","7","7","7","7","7","7","7","7","7","7",5,"Female","Sport Marketing and Management","Sport Marketing and Management","3.9","No"
"X.3.42","Revision Mechanism VHBB","5","13","4","4","2","7","7","7","7","7","7","7","7",5,"Female","healthcare management and policy","healthcare management and policy","3.48","No"
"X.4.42","Revision Mechanism VHBB","5","13","5","3","4","7","7","7","7","7","7","7","7",5,"Male","finance","finance","3.7","Yes"
"X.5.42","Revision Mechanism VHBB","5","13","6","2","7","7","7","7","7","7","7","7","7",5,"Male","exercise science","exercise science","3.7","No"
"X.108","Revision Mechanism VHBB","6","14","1","4","5","5","7","6","6","6","7","6","6",5,"Female","business","business","3.6","No"
"X.1.52","Revision Mechanism VHBB","6","14","2","4","5","5","7","6","6","6","5","6","5",5,"Male","Finance and Economic Consulting","Finance and Economic Consulting","3.66","No"
"X.2.52","Revision Mechanism VHBB","6","14","3","4","5","5","7","7","6","6","5","6","5",5,"Female","sports marketing and management","sports marketing and management","3.5","No"
"X.3.52","Revision Mechanism VHBB","6","14","4","3","4","5","7","6","7","6","5","6","5",5,"Female","music","music","3.6","No"
"X.4.52","Revision Mechanism VHBB","6","14","5","4","4","5","7","7","6","6","5","6","5",5,"Male","computer science","","3.65","No"
"X.5.52","Revision Mechanism VHBB","6","14","6","3","5","5","7","6","6","6","5","6","4",5,"Male","Information Systems/Informatics","Information Systems/Informatics","3.57","No"
"X.1110","Revision Mechanism VHBB","7","15","1","6","4","4","4","4","4","3","4","5","5",5,"Female","information systems","information systems","3.33","No"
"X.1.62","Revision Mechanism VHBB","7","15","2","7","3","4","4","4","4","6","4","4","5",5,"Male","Accounting","Accounting","3.95","No"
"X.2.62","Revision Mechanism VHBB","7","15","3","7","7","3","4","4","4","3","4","4","5",5,"Female","economics","","3.79","No"
"X.3.62","Revision Mechanism VHBB","7","15","4","7","7","4","4","4","7","3","4","4","5",5,"Female","optometry","optometry","3.9","No"
"X.4.62","Revision Mechanism VHBB","7","15","5","5","5","4","4","4","4","3","4","4","5",5,"Female","marketing","marketing","3","No"
"X.5.62","Revision Mechanism VHBB","7","15","6","5","3","4","5","4","7","3","4","4","5",5,"Male","business","business","3.2","No"
"X.128","Revision Mechanism VHBB","8","16","1","6","6","4","4","7","7","7","7","7","7",5,"Female","economics","History (double major)","3.03","No"
"X.1.72","Revision Mechanism VHBB","8","16","2","5","6","4","5","7","7","7","7","7","7",5,"Male","","",NA,"No"
"X.2.72","Revision Mechanism VHBB","8","16","3","5","5","4","4","7","7","7","7","7","7",5,"Female","Education","Education","3.7","No"
"X.3.72","Revision Mechanism VHBB","8","16","4","4","5","4","4","7","7","7","7","7","7",5,"Female","finance","finance","3.7","Yes"
"X.4.72","Revision Mechanism VHBB","8","16","5","5","5","4","4","7","7","7","7","7","7",5,"Male","marketing","marketing","3.4","No"
"X.5.72","Revision Mechanism VHBB","8","16","6","7","7","4","7","7","7","7","7","7","7",5,"Male","humanities","","3","No"
"X9","Richer Revision Cheap Talk","1","1","1","6","7","7","7","7","7","7","6","6","5",5,"Male","math","","4","Yes"
"X.120","Richer Revision Cheap Talk","1","1","2","7","7","7","7","5","5","5","5","5","5",5,"Female","informatics","informatics","3.8","No"
"X.29","Richer Revision Cheap Talk","1","1","3","7","7","7","7","7","7","7","7","5","5",5,"Male","international Studies","international Studies","3.25","No"
"X.39","Richer Revision Cheap Talk","1","1","4","7","7","7","7","7","7","7","6","5","5",5,"Female","humanities","","3.9","No"
"X.49","Richer Revision Cheap Talk","1","1","5","7","7","7","7","7","7","7","7","5","5",5,"Male","foreign language","Criminal Justice/Sociology","2.76","No"
"X.59","Richer Revision Cheap Talk","1","1","6","6","7","7","5","7","7","7","6","7","5",5,"Female","Audio Engineering","Audio Engineering","3.9","No"
"X.69","Richer Revision Cheap Talk","2","2","1","6","7","7","7","7","7","7","7","7","6",5,"Male","Entrepreneurship & Corporate Innovation","Entrepreneurship & Corporate Innovation","3.98","No"
"X.1.19","Richer Revision Cheap Talk","2","2","2","7","7","7","7","7","7","7","7","7","7",5,"Male","Business","Business","3.14","No"
"X.2.19","Richer Revision Cheap Talk","2","2","3","7","7","7","7","7","7","7","7","7","7",5,"Female","Law and Public Policy","Law and Public Policy","3.7","No"
"X.3.19","Richer Revision Cheap Talk","2","2","4","7","7","7","7","6","7","7","6","7","5",5,"Male","Finance and Math","Finance and Math","3.52","No"
"X.4.19","Richer Revision Cheap Talk","2","2","5","7","7","7","7","7","7","7","7","7","7",5,"Male","Finance","Finance","3.8","Yes"
"X.5.19","Richer Revision Cheap Talk","2","2","6","7","7","7","7","7","7","7","7","7","7",5,"Male","Finance, Entrepreneurship, and Corporate Innovation","Finance, Entrepreneurship, and Corporate Innovation","3.9","No"
"X.79","Richer Revision Cheap Talk","3","3","1","7","6","7","7","7","7","7","7","7","7",5,"Male","Business","Business","3.7","Yes"
"X.1.29","Richer Revision Cheap Talk","3","3","2","7","6","7","7","7","7","7","7","7","7",5,"Male","Biochemistry","Biochemistry","3.84","No"
"X.2.29","Richer Revision Cheap Talk","3","3","3","4","6","6","7","7","7","7","7","7","7",5,"Female","Law (Graduate School)","Law (Graduate School)","3.01","No"
"X.3.29","Richer Revision Cheap Talk","3","3","4","4","5","6","7","7","7","7","7","7","7",5,"Female","business","business","3.39","No"
"X.4.29","Richer Revision Cheap Talk","3","3","5","7","7","6","7","7","7","7","7","7","7",5,"Female","Audio Engineering & Sound Production","Audio Engineering & Sound Production","3.8","No"
"X.5.29","Richer Revision Cheap Talk","3","3","6","7","7","7","7","7","7","7","7","7","7",5,"Male","foreign language","","3.7","No"
"X.89","Richer Revision Cheap Talk","4","4","1","7","5","5","1","1","7","7","7","6","6",5,"Male","business","business",NA,"No"
"X.1.39","Richer Revision Cheap Talk","4","4","2","4","5","5","7","1","7","7","7","7","7",5,"Female","business","business","3.98","No"
"X.2.39","Richer Revision Cheap Talk","4","4","3","6","5","5","4","1","7","7","7","7","7",4,"Male","secondary history education ","secondary history education ","3.03","No"
"X.3.39","Richer Revision Cheap Talk","4","4","4","7","5","5","6","1","7","7","7","7","7",5,"Female","humanities","","3.6","Yes"
"X.4.39","Richer Revision Cheap Talk","4","4","5","7","7","5","4","1","7","7","7","7","7",5,"Female","humanities","","3.95","No"
"X.5.39","Richer Revision Cheap Talk","4","4","6","5","6","6","1","1","7","7","7","7","7",5,"Female","music","music","3.8","No"
"X.99","Richer Revision Cheap Talk","5","5","1","7","7","3","4","5","7","7","7","7","7",5,"Female","Marketing","Marketing","3.59","No"
"X.1.43","Richer Revision Cheap Talk","5","5","2","7","7","7","4","5","7","7","7","7","7",5,"Male","computer science","","3.97","Yes"
"X.2.43","Richer Revision Cheap Talk","5","5","3","7","7","6","4","5","7","7","7","7","7",5,"Female","business","business","4","No"
"X.3.43","Richer Revision Cheap Talk","5","5","4","7","6","3","4","6","7","7","7","7","7",5,"Female","computer science","","3.95","Yes"
"X.4.43","Richer Revision Cheap Talk","5","5","5","6","7","5","4","5","7","5","7","7","7",5,"Female","Environmental Science","Environmental Science","2.8","No"
"X.5.43","Richer Revision Cheap Talk","5","5","6","7","2","3","7","5","7","7","7","7","7",5,"Female","marketing","marketing",NA,"No"
"X.109","Richer Revision Cheap Talk","6","6","1","7","5","5","7","4","4","4","5","7","7",5,"Male","foreign language","","3.9","No"
"X.1.53","Richer Revision Cheap Talk","6","6","2","5","4","6","7","4","4","3","5","7","7",5,"Male","Financial Management","Financial Management","2.5","No"
"X.2.53","Richer Revision Cheap Talk","6","6","3","5","7","7","4","7","4","7","5","7","7",5,"Female","Business","Business","3.47","No"
"X.3.53","Richer Revision Cheap Talk","6","6","4","5","6","5","6","5","4","5","5","7","7",5,"Male","physics/chemistry","","3.5","No"
"X.4.53","Richer Revision Cheap Talk","6","6","5","6","5","4","7","4","4","5","6","7","6",5,"Male","marketing","marketing","3.64","No"
"X.5.53","Richer Revision Cheap Talk","6","6","6","4","5","5","4","4","5","4","5","7","7",5,"Male","humanities","","4","No"
"X.1111","Richer Revision Cheap Talk","7","7","1","7","7","5","7","7","7","7","7","7","7",5,"Male","Healthcare Management and Policy","Healthcare Management and Policy",NA,"No"
"X.1.63","Richer Revision Cheap Talk","7","7","2","3","4","5","4","5","6","6","7","7","7",5,"Female","arts management","arts management","3.5","No"
"X.2.63","Richer Revision Cheap Talk","7","7","3","7","4","5","5","5","6","6","7","7","7",5,"Female","Public Policy","Public Policy","4","No"
"X.3.63","Richer Revision Cheap Talk","7","7","4","6","5","5","4","6","6","7","7","7","7",5,"Female","Business, Marketing","Business, Marketing","3.65","No"
"X.4.63","Richer Revision Cheap Talk","7","7","5","5","4","5","5","5","6","6","7","7","7",5,"Female","epidemiology and biology","epidemiology and biology","3.61","Yes"
"X.5.63","Richer Revision Cheap Talk","7","7","6","5","4","5","4","5","6","6","7","7","7",5,"Female","Business","Business","3.7","Yes"
"X.129","Richer Revision Cheap Talk","8","8","1","1","7","7","7","2","7","7","7","7","7",5,"Male","physics/chemistry","","3.95","Yes"
"X.1.73","Richer Revision Cheap Talk","8","8","2","1","7","5","7","3","2","7","7","4","3",5,"Male","physics/chemistry","","4","No"
"X.2.73","Richer Revision Cheap Talk","8","8","3","7","6","7","1","1","4","7","7","1","1",5,"Male","Finance","Finance","3.65","No"
"X.3.73","Richer Revision Cheap Talk","8","8","4","7","7","4","3","1","1","7","4","2","2",5,"Female","physics/chemistry","","3.5","No"
"X.4.73","Richer Revision Cheap Talk","8","8","5","1","1","1","2","2","1","1","1","1","1",5,"Female","humanities","","4","No"
"X.5.73","Richer Revision Cheap Talk","8","8","6","7","7","5","1","1","1","7","7","7","1",5,"Female","humanities","","3.6","No"
